DateRange,Class,NetSales,Transaction Category,Account Number,Account Name,Debit,Credit,Memo,IsBalanced,Export Status
06/29/2026 - 07/14/2026,2006,56935.16,Royalty Fee,651000,Royalties,3700.79,0.00,TQSR - Royalty Fee,0,
06/29/2026 - 07/14/2026,2006,56935.16,Royalties Bank Acct Entry,217000,Accrued Royalties,0.00,3700.79,TQSR - Royalties Bank Acct Entry,0,
06/29/2026 - 07/14/2026,2006,56935.16,National Media Fee,560000,Advertising-National,2277.41,0.00,TQSR - National Media Fee,0,
06/29/2026 - 07/14/2026,2006,56935.16,National Media Bank Entry,217000,Accrued Royalties,0.00,2277.41,TQSR - National Media Bank Entry,0,
06/29/2026 - 07/14/2026,2006,56935.16,Corporate Advertising Fee,560001,Advertising-Production Fund,569.35,0.00,TQSR - Corporate Advertising Fee,0,
06/29/2026 - 07/14/2026,2006,56935.16,Corp Advertising Bank Acct Entry,217000,Accrued Royalties,0.00,569.35,TQSR - Corp Advertising Bank Acct Entry,0,
06/29/2026 - 07/14/2026,2016,67333.18,Royalty Fee,651000,Royalties,4376.66,0.00,TQSR - Royalty Fee,0,
06/29/2026 - 07/14/2026,2016,67333.18,Royalties Bank Acct Entry,217000,Accrued Royalties,0.00,4376.66,TQSR - Royalties Bank Acct Entry,0,
06/29/2026 - 07/14/2026,2016,67333.18,National Media Fee,560000,Advertising-National,2693.33,0.00,TQSR - National Media Fee,0,
06/29/2026 - 07/14/2026,2016,67333.18,National Media Bank Entry,217000,Accrued Royalties,0.00,2693.33,TQSR - National Media Bank Entry,0,
06/29/2026 - 07/14/2026,2016,67333.18,Corporate Advertising Fee,560001,Advertising-Production Fund,673.33,0.00,TQSR - Corporate Advertising Fee,0,
06/29/2026 - 07/14/2026,2016,67333.18,Corp Advertising Bank Acct Entry,217000,Accrued Royalties,0.00,673.33,TQSR - Corp Advertising Bank Acct Entry,0,
06/29/2026 - 07/14/2026,2017,59662.16,Royalty Fee,651000,Royalties,3878.04,0.00,TQSR - Royalty Fee,0,
06/29/2026 - 07/14/2026,2017,59662.16,Royalties Bank Acct Entry,217000,Accrued Royalties,0.00,3878.04,TQSR - Royalties Bank Acct Entry,0,
06/29/2026 - 07/14/2026,2017,59662.16,National Media Fee,560000,Advertising-National,2386.49,0.00,TQSR - National Media Fee,0,
06/29/2026 - 07/14/2026,2017,59662.16,National Media Bank Entry,217000,Accrued Royalties,0.00,2386.49,TQSR - National Media Bank Entry,0,
06/29/2026 - 07/14/2026,2017,59662.16,Corporate Advertising Fee,560001,Advertising-Production Fund,596.62,0.00,TQSR - Corporate Advertising Fee,0,
06/29/2026 - 07/14/2026,2017,59662.16,Corp Advertising Bank Acct Entry,217000,Accrued Royalties,0.00,596.62,TQSR - Corp Advertising Bank Acct Entry,0,
06/29/2026 - 07/14/2026,2020,66210.80,Royalty Fee,651000,Royalties,4303.70,0.00,TQSR - Royalty Fee,0,
06/29/2026 - 07/14/2026,2020,66210.80,Royalties Bank Acct Entry,217000,Accrued Royalties,0.00,4303.70,TQSR - Royalties Bank Acct Entry,0,
06/29/2026 - 07/14/2026,2020,66210.80,National Media Fee,560000,Advertising-National,2648.43,0.00,TQSR - National Media Fee,0,
06/29/2026 - 07/14/2026,2020,66210.80,National Media Bank Entry,217000,Accrued Royalties,0.00,2648.43,TQSR - National Media Bank Entry,0,
06/29/2026 - 07/14/2026,2020,66210.80,Corporate Advertising Fee,560001,Advertising-Production Fund,662.11,0.00,TQSR - Corporate Advertising Fee,0,
06/29/2026 - 07/14/2026,2020,66210.80,Corp Advertising Bank Acct Entry,217000,Accrued Royalties,0.00,662.11,TQSR - Corp Advertising Bank Acct Entry,0,
06/29/2026 - 07/14/2026,2023,68598.19,Royalty Fee,651000,Royalties,4458.88,0.00,TQSR - Royalty Fee,0,
06/29/2026 - 07/14/2026,2023,68598.19,Royalties Bank Acct Entry,217000,Accrued Royalties,0.00,4458.88,TQSR - Royalties Bank Acct Entry,0,
06/29/2026 - 07/14/2026,2023,68598.19,National Media Fee,560000,Advertising-National,2743.93,0.00,TQSR - National Media Fee,0,
06/29/2026 - 07/14/2026,2023,68598.19,National Media Bank Entry,217000,Accrued Royalties,0.00,2743.93,TQSR - National Media Bank Entry,0,
06/29/2026 - 07/14/2026,2023,68598.19,Corporate Advertising Fee,560001,Advertising-Production Fund,685.98,0.00,TQSR - Corporate Advertising Fee,0,
06/29/2026 - 07/14/2026,2023,68598.19,Corp Advertising Bank Acct Entry,217000,Accrued Royalties,0.00,685.98,TQSR - Corp Advertising Bank Acct Entry,0,
06/29/2026 - 07/14/2026,2024,55392.41,Royalty Fee,651000,Royalties,3600.51,0.00,TQSR - Royalty Fee,0,
06/29/2026 - 07/14/2026,2024,55392.41,Royalties Bank Acct Entry,217000,Accrued Royalties,0.00,3600.51,TQSR - Royalties Bank Acct Entry,0,
06/29/2026 - 07/14/2026,2024,55392.41,National Media Fee,560000,Advertising-National,2215.70,0.00,TQSR - National Media Fee,0,
06/29/2026 - 07/14/2026,2024,55392.41,National Media Bank Entry,217000,Accrued Royalties,0.00,2215.70,TQSR - National Media Bank Entry,0,
06/29/2026 - 07/14/2026,2024,55392.41,Corporate Advertising Fee,560001,Advertising-Production Fund,553.92,0.00,TQSR - Corporate Advertising Fee,0,
06/29/2026 - 07/14/2026,2024,55392.41,Corp Advertising Bank Acct Entry,217000,Accrued Royalties,0.00,553.92,TQSR - Corp Advertising Bank Acct Entry,0,
06/29/2026 - 07/14/2026,2047,63894.99,Royalty Fee,651000,Royalties,4153.17,0.00,TQSR - Royalty Fee,0,
06/29/2026 - 07/14/2026,2047,63894.99,Royalties Bank Acct Entry,217000,Accrued Royalties,0.00,4153.17,TQSR - Royalties Bank Acct Entry,0,
06/29/2026 - 07/14/2026,2047,63894.99,National Media Fee,560000,Advertising-National,2555.80,0.00,TQSR - National Media Fee,0,
06/29/2026 - 07/14/2026,2047,63894.99,National Media Bank Entry,217000,Accrued Royalties,0.00,2555.80,TQSR - National Media Bank Entry,0,
06/29/2026 - 07/14/2026,2047,63894.99,Corporate Advertising Fee,560001,Advertising-Production Fund,638.95,0.00,TQSR - Corporate Advertising Fee,0,
06/29/2026 - 07/14/2026,2047,63894.99,Corp Advertising Bank Acct Entry,217000,Accrued Royalties,0.00,638.95,TQSR - Corp Advertising Bank Acct Entry,0,
06/29/2026 - 07/14/2026,4003,67994.15,Royalty Fee,651000,Royalties,4419.62,0.00,TQSR - Royalty Fee,0,
06/29/2026 - 07/14/2026,4003,67994.15,Royalties Bank Acct Entry,217000,Accrued Royalties,0.00,4419.62,TQSR - Royalties Bank Acct Entry,0,
06/29/2026 - 07/14/2026,4003,67994.15,National Media Fee,560000,Advertising-National,2719.77,0.00,TQSR - National Media Fee,0,
06/29/2026 - 07/14/2026,4003,67994.15,National Media Bank Entry,217000,Accrued Royalties,0.00,2719.77,TQSR - National Media Bank Entry,0,
06/29/2026 - 07/14/2026,4003,67994.15,Corporate Advertising Fee,560001,Advertising-Production Fund,679.94,0.00,TQSR - Corporate Advertising Fee,0,
06/29/2026 - 07/14/2026,4003,67994.15,Corp Advertising Bank Acct Entry,217000,Accrued Royalties,0.00,679.94,TQSR - Corp Advertising Bank Acct Entry,0,
06/29/2026 - 07/14/2026,4004,62694.02,Royalty Fee,651000,Royalties,4075.11,0.00,TQSR - Royalty Fee,0,
06/29/2026 - 07/14/2026,4004,62694.02,Royalties Bank Acct Entry,217000,Accrued Royalties,0.00,4075.11,TQSR - Royalties Bank Acct Entry,0,
06/29/2026 - 07/14/2026,4004,62694.02,National Media Fee,560000,Advertising-National,2507.76,0.00,TQSR - National Media Fee,0,
06/29/2026 - 07/14/2026,4004,62694.02,National Media Bank Entry,217000,Accrued Royalties,0.00,2507.76,TQSR - National Media Bank Entry,0,
06/29/2026 - 07/14/2026,4004,62694.02,Corporate Advertising Fee,560001,Advertising-Production Fund,626.94,0.00,TQSR - Corporate Advertising Fee,0,
06/29/2026 - 07/14/2026,4004,62694.02,Corp Advertising Bank Acct Entry,217000,Accrued Royalties,0.00,626.94,TQSR - Corp Advertising Bank Acct Entry,0,
06/29/2026 - 07/14/2026,4005,74482.88,Royalty Fee,651000,Royalties,4841.39,0.00,TQSR - Royalty Fee,0,
06/29/2026 - 07/14/2026,4005,74482.88,Royalties Bank Acct Entry,217000,Accrued Royalties,0.00,4841.39,TQSR - Royalties Bank Acct Entry,0,
06/29/2026 - 07/14/2026,4005,74482.88,National Media Fee,560000,Advertising-National,2979.32,0.00,TQSR - National Media Fee,0,
06/29/2026 - 07/14/2026,4005,74482.88,National Media Bank Entry,217000,Accrued Royalties,0.00,2979.32,TQSR - National Media Bank Entry,0,
06/29/2026 - 07/14/2026,4005,74482.88,Corporate Advertising Fee,560001,Advertising-Production Fund,744.83,0.00,TQSR - Corporate Advertising Fee,0,
06/29/2026 - 07/14/2026,4005,74482.88,Corp Advertising Bank Acct Entry,217000,Accrued Royalties,0.00,744.83,TQSR - Corp Advertising Bank Acct Entry,0,
06/29/2026 - 07/14/2026,4008,52461.53,Royalty Fee,651000,Royalties,3410.00,0.00,TQSR - Royalty Fee,0,
06/29/2026 - 07/14/2026,4008,52461.53,Royalties Bank Acct Entry,217000,Accrued Royalties,0.00,3410.00,TQSR - Royalties Bank Acct Entry,0,
06/29/2026 - 07/14/2026,4008,52461.53,National Media Fee,560000,Advertising-National,2098.46,0.00,TQSR - National Media Fee,0,
06/29/2026 - 07/14/2026,4008,52461.53,National Media Bank Entry,217000,Accrued Royalties,0.00,2098.46,TQSR - National Media Bank Entry,0,
06/29/2026 - 07/14/2026,4008,52461.53,Corporate Advertising Fee,560001,Advertising-Production Fund,524.62,0.00,TQSR - Corporate Advertising Fee,0,
06/29/2026 - 07/14/2026,4008,52461.53,Corp Advertising Bank Acct Entry,217000,Accrued Royalties,0.00,524.62,TQSR - Corp Advertising Bank Acct Entry,0,
06/29/2026 - 07/14/2026,4009,44792.85,Royalty Fee,651000,Royalties,2911.54,0.00,TQSR - Royalty Fee,0,
06/29/2026 - 07/14/2026,4009,44792.85,Royalties Bank Acct Entry,217000,Accrued Royalties,0.00,2911.54,TQSR - Royalties Bank Acct Entry,0,
06/29/2026 - 07/14/2026,4009,44792.85,National Media Fee,560000,Advertising-National,1791.71,0.00,TQSR - National Media Fee,0,
06/29/2026 - 07/14/2026,4009,44792.85,National Media Bank Entry,217000,Accrued Royalties,0.00,1791.71,TQSR - National Media Bank Entry,0,
06/29/2026 - 07/14/2026,4009,44792.85,Corporate Advertising Fee,560001,Advertising-Production Fund,447.93,0.00,TQSR - Corporate Advertising Fee,0,
06/29/2026 - 07/14/2026,4009,44792.85,Corp Advertising Bank Acct Entry,217000,Accrued Royalties,0.00,447.93,TQSR - Corp Advertising Bank Acct Entry,0,
06/29/2026 - 07/14/2026,4010,48442.69,Royalty Fee,651000,Royalties,3148.77,0.00,TQSR - Royalty Fee,0,
06/29/2026 - 07/14/2026,4010,48442.69,Royalties Bank Acct Entry,217000,Accrued Royalties,0.00,3148.77,TQSR - Royalties Bank Acct Entry,0,
06/29/2026 - 07/14/2026,4010,48442.69,National Media Fee,560000,Advertising-National,1937.71,0.00,TQSR - National Media Fee,0,
06/29/2026 - 07/14/2026,4010,48442.69,National Media Bank Entry,217000,Accrued Royalties,0.00,1937.71,TQSR - National Media Bank Entry,0,
06/29/2026 - 07/14/2026,4010,48442.69,Corporate Advertising Fee,560001,Advertising-Production Fund,484.43,0.00,TQSR - Corporate Advertising Fee,0,
06/29/2026 - 07/14/2026,4010,48442.69,Corp Advertising Bank Acct Entry,217000,Accrued Royalties,0.00,484.43,TQSR - Corp Advertising Bank Acct Entry,0,
06/29/2026 - 07/14/2026,4015,63687.14,Royalty Fee,651000,Royalties,4139.66,0.00,TQSR - Royalty Fee,0,
06/29/2026 - 07/14/2026,4015,63687.14,Royalties Bank Acct Entry,217000,Accrued Royalties,0.00,4139.66,TQSR - Royalties Bank Acct Entry,0,
06/29/2026 - 07/14/2026,4015,63687.14,National Media Fee,560000,Advertising-National,2547.49,0.00,TQSR - National Media Fee,0,
06/29/2026 - 07/14/2026,4015,63687.14,National Media Bank Entry,217000,Accrued Royalties,0.00,2547.49,TQSR - National Media Bank Entry,0,
06/29/2026 - 07/14/2026,4015,63687.14,Corporate Advertising Fee,560001,Advertising-Production Fund,636.87,0.00,TQSR - Corporate Advertising Fee,0,
06/29/2026 - 07/14/2026,4015,63687.14,Corp Advertising Bank Acct Entry,217000,Accrued Royalties,0.00,636.87,TQSR - Corp Advertising Bank Acct Entry,0,
06/29/2026 - 07/14/2026,4021,56124.11,Royalty Fee,651000,Royalties,3648.07,0.00,TQSR - Royalty Fee,0,
06/29/2026 - 07/14/2026,4021,56124.11,Royalties Bank Acct Entry,217000,Accrued Royalties,0.00,3648.07,TQSR - Royalties Bank Acct Entry,0,
06/29/2026 - 07/14/2026,4021,56124.11,National Media Fee,560000,Advertising-National,2244.96,0.00,TQSR - National Media Fee,0,
06/29/2026 - 07/14/2026,4021,56124.11,National Media Bank Entry,217000,Accrued Royalties,0.00,2244.96,TQSR - National Media Bank Entry,0,
06/29/2026 - 07/14/2026,4021,56124.11,Corporate Advertising Fee,560001,Advertising-Production Fund,561.24,0.00,TQSR - Corporate Advertising Fee,0,
06/29/2026 - 07/14/2026,4021,56124.11,Corp Advertising Bank Acct Entry,217000,Accrued Royalties,0.00,561.24,TQSR - Corp Advertising Bank Acct Entry,0,
06/29/2026 - 07/14/2026,4025,50381.55,Royalty Fee,651000,Royalties,3274.80,0.00,TQSR - Royalty Fee,0,
06/29/2026 - 07/14/2026,4025,50381.55,Royalties Bank Acct Entry,217000,Accrued Royalties,0.00,3274.80,TQSR - Royalties Bank Acct Entry,0,
06/29/2026 - 07/14/2026,4025,50381.55,National Media Fee,560000,Advertising-National,2015.26,0.00,TQSR - National Media Fee,0,
06/29/2026 - 07/14/2026,4025,50381.55,National Media Bank Entry,217000,Accrued Royalties,0.00,2015.26,TQSR - National Media Bank Entry,0,
06/29/2026 - 07/14/2026,4025,50381.55,Corporate Advertising Fee,560001,Advertising-Production Fund,503.82,0.00,TQSR - Corporate Advertising Fee,0,
06/29/2026 - 07/14/2026,4025,50381.55,Corp Advertising Bank Acct Entry,217000,Accrued Royalties,0.00,503.82,TQSR - Corp Advertising Bank Acct Entry,0,
06/29/2026 - 07/14/2026,4027,68764.78,Royalty Fee,651000,Royalties,4469.71,0.00,TQSR - Royalty Fee,0,
06/29/2026 - 07/14/2026,4027,68764.78,Royalties Bank Acct Entry,217000,Accrued Royalties,0.00,4469.71,TQSR - Royalties Bank Acct Entry,0,
06/29/2026 - 07/14/2026,4027,68764.78,National Media Fee,560000,Advertising-National,2750.59,0.00,TQSR - National Media Fee,0,
06/29/2026 - 07/14/2026,4027,68764.78,National Media Bank Entry,217000,Accrued Royalties,0.00,2750.59,TQSR - National Media Bank Entry,0,
06/29/2026 - 07/14/2026,4027,68764.78,Corporate Advertising Fee,560001,Advertising-Production Fund,687.65,0.00,TQSR - Corporate Advertising Fee,0,
06/29/2026 - 07/14/2026,4027,68764.78,Corp Advertising Bank Acct Entry,217000,Accrued Royalties,0.00,687.65,TQSR - Corp Advertising Bank Acct Entry,0,
06/29/2026 - 07/14/2026,4034,60490.86,Royalty Fee,651000,Royalties,3931.91,0.00,TQSR - Royalty Fee,0,
06/29/2026 - 07/14/2026,4034,60490.86,Royalties Bank Acct Entry,217000,Accrued Royalties,0.00,3931.91,TQSR - Royalties Bank Acct Entry,0,
06/29/2026 - 07/14/2026,4034,60490.86,National Media Fee,560000,Advertising-National,2419.63,0.00,TQSR - National Media Fee,0,
06/29/2026 - 07/14/2026,4034,60490.86,National Media Bank Entry,217000,Accrued Royalties,0.00,2419.63,TQSR - National Media Bank Entry,0,
06/29/2026 - 07/14/2026,4034,60490.86,Corporate Advertising Fee,560001,Advertising-Production Fund,604.91,0.00,TQSR - Corporate Advertising Fee,0,
06/29/2026 - 07/14/2026,4034,60490.86,Corp Advertising Bank Acct Entry,217000,Accrued Royalties,0.00,604.91,TQSR - Corp Advertising Bank Acct Entry,0,
06/29/2026 - 07/14/2026,4036,76595.94,Royalty Fee,651000,Royalties,4978.74,0.00,TQSR - Royalty Fee,0,
06/29/2026 - 07/14/2026,4036,76595.94,Royalties Bank Acct Entry,217000,Accrued Royalties,0.00,4978.74,TQSR - Royalties Bank Acct Entry,0,
06/29/2026 - 07/14/2026,4036,76595.94,National Media Fee,560000,Advertising-National,3063.84,0.00,TQSR - National Media Fee,0,
06/29/2026 - 07/14/2026,4036,76595.94,National Media Bank Entry,217000,Accrued Royalties,0.00,3063.84,TQSR - National Media Bank Entry,0,
06/29/2026 - 07/14/2026,4036,76595.94,Corporate Advertising Fee,560001,Advertising-Production Fund,765.96,0.00,TQSR - Corporate Advertising Fee,0,
06/29/2026 - 07/14/2026,4036,76595.94,Corp Advertising Bank Acct Entry,217000,Accrued Royalties,0.00,765.96,TQSR - Corp Advertising Bank Acct Entry,0,
06/29/2026 - 07/14/2026,4042,86897.84,Royalty Fee,651000,Royalties,5648.36,0.00,TQSR - Royalty Fee,0,
06/29/2026 - 07/14/2026,4042,86897.84,Royalties Bank Acct Entry,217000,Accrued Royalties,0.00,5648.36,TQSR - Royalties Bank Acct Entry,0,
06/29/2026 - 07/14/2026,4042,86897.84,National Media Fee,560000,Advertising-National,3475.91,0.00,TQSR - National Media Fee,0,
06/29/2026 - 07/14/2026,4042,86897.84,National Media Bank Entry,217000,Accrued Royalties,0.00,3475.91,TQSR - National Media Bank Entry,0,
06/29/2026 - 07/14/2026,4042,86897.84,Corporate Advertising Fee,560001,Advertising-Production Fund,868.98,0.00,TQSR - Corporate Advertising Fee,0,
06/29/2026 - 07/14/2026,4042,86897.84,Corp Advertising Bank Acct Entry,217000,Accrued Royalties,0.00,868.98,TQSR - Corp Advertising Bank Acct Entry,0,
06/29/2026 - 07/14/2026,4052,79091.95,Royalty Fee,651000,Royalties,5140.98,0.00,TQSR - Royalty Fee,0,
06/29/2026 - 07/14/2026,4052,79091.95,Royalties Bank Acct Entry,217000,Accrued Royalties,0.00,5140.98,TQSR - Royalties Bank Acct Entry,0,
06/29/2026 - 07/14/2026,4052,79091.95,National Media Fee,560000,Advertising-National,3163.68,0.00,TQSR - National Media Fee,0,
06/29/2026 - 07/14/2026,4052,79091.95,National Media Bank Entry,217000,Accrued Royalties,0.00,3163.68,TQSR - National Media Bank Entry,0,
06/29/2026 - 07/14/2026,4052,79091.95,Corporate Advertising Fee,560001,Advertising-Production Fund,790.92,0.00,TQSR - Corporate Advertising Fee,0,
06/29/2026 - 07/14/2026,4052,79091.95,Corp Advertising Bank Acct Entry,217000,Accrued Royalties,0.00,790.92,TQSR - Corp Advertising Bank Acct Entry,0,
06/29/2026 - 07/14/2026,4061,58928.36,Royalty Fee,651000,Royalties,3830.34,0.00,TQSR - Royalty Fee,0,
06/29/2026 - 07/14/2026,4061,58928.36,Royalties Bank Acct Entry,217000,Accrued Royalties,0.00,3830.34,TQSR - Royalties Bank Acct Entry,0,
06/29/2026 - 07/14/2026,4061,58928.36,National Media Fee,560000,Advertising-National,2357.13,0.00,TQSR - National Media Fee,0,
06/29/2026 - 07/14/2026,4061,58928.36,National Media Bank Entry,217000,Accrued Royalties,0.00,2357.13,TQSR - National Media Bank Entry,0,
06/29/2026 - 07/14/2026,4061,58928.36,Corporate Advertising Fee,560001,Advertising-Production Fund,589.28,0.00,TQSR - Corporate Advertising Fee,0,
06/29/2026 - 07/14/2026,4061,58928.36,Corp Advertising Bank Acct Entry,217000,Accrued Royalties,0.00,589.28,TQSR - Corp Advertising Bank Acct Entry,0,
06/29/2026 - 07/14/2026,4074,45044.54,Royalty Fee,651000,Royalties,2927.90,0.00,TQSR - Royalty Fee,0,
06/29/2026 - 07/14/2026,4074,45044.54,Royalties Bank Acct Entry,217000,Accrued Royalties,0.00,2927.90,TQSR - Royalties Bank Acct Entry,0,
06/29/2026 - 07/14/2026,4074,45044.54,National Media Fee,560000,Advertising-National,1801.78,0.00,TQSR - National Media Fee,0,
06/29/2026 - 07/14/2026,4074,45044.54,National Media Bank Entry,217000,Accrued Royalties,0.00,1801.78,TQSR - National Media Bank Entry,0,
06/29/2026 - 07/14/2026,4074,45044.54,Corporate Advertising Fee,560001,Advertising-Production Fund,450.45,0.00,TQSR - Corporate Advertising Fee,0,
06/29/2026 - 07/14/2026,4074,45044.54,Corp Advertising Bank Acct Entry,217000,Accrued Royalties,0.00,450.45,TQSR - Corp Advertising Bank Acct Entry,0,
06/29/2026 - 07/14/2026,5042,70899.00,Royalty Fee,651000,Royalties,4608.44,0.00,TQSR - Royalty Fee,0,
06/29/2026 - 07/14/2026,5042,70899.00,Royalties Bank Acct Entry,217000,Accrued Royalties,0.00,4608.44,TQSR - Royalties Bank Acct Entry,0,
06/29/2026 - 07/14/2026,5042,70899.00,National Media Fee,560000,Advertising-National,2835.96,0.00,TQSR - National Media Fee,0,
06/29/2026 - 07/14/2026,5042,70899.00,National Media Bank Entry,217000,Accrued Royalties,0.00,2835.96,TQSR - National Media Bank Entry,0,
06/29/2026 - 07/14/2026,5042,70899.00,Corporate Advertising Fee,560001,Advertising-Production Fund,708.99,0.00,TQSR - Corporate Advertising Fee,0,
06/29/2026 - 07/14/2026,5042,70899.00,Corp Advertising Bank Acct Entry,217000,Accrued Royalties,0.00,708.99,TQSR - Corp Advertising Bank Acct Entry,0,
06/29/2026 - 07/14/2026,5043,98228.91,Royalty Fee,651000,Royalties,6384.88,0.00,TQSR - Royalty Fee,0,
06/29/2026 - 07/14/2026,5043,98228.91,Royalties Bank Acct Entry,217000,Accrued Royalties,0.00,6384.88,TQSR - Royalties Bank Acct Entry,0,
06/29/2026 - 07/14/2026,5043,98228.91,National Media Fee,560000,Advertising-National,3929.16,0.00,TQSR - National Media Fee,0,
06/29/2026 - 07/14/2026,5043,98228.91,National Media Bank Entry,217000,Accrued Royalties,0.00,3929.16,TQSR - National Media Bank Entry,0,
06/29/2026 - 07/14/2026,5043,98228.91,Corporate Advertising Fee,560001,Advertising-Production Fund,982.29,0.00,TQSR - Corporate Advertising Fee,0,
06/29/2026 - 07/14/2026,5043,98228.91,Corp Advertising Bank Acct Entry,217000,Accrued Royalties,0.00,982.29,TQSR - Corp Advertising Bank Acct Entry,0,
06/29/2026 - 07/14/2026,5049,50838.53,Royalty Fee,651000,Royalties,3304.50,0.00,TQSR - Royalty Fee,0,
06/29/2026 - 07/14/2026,5049,50838.53,Royalties Bank Acct Entry,217000,Accrued Royalties,0.00,3304.50,TQSR - Royalties Bank Acct Entry,0,
06/29/2026 - 07/14/2026,5049,50838.53,National Media Fee,560000,Advertising-National,2033.54,0.00,TQSR - National Media Fee,0,
06/29/2026 - 07/14/2026,5049,50838.53,National Media Bank Entry,217000,Accrued Royalties,0.00,2033.54,TQSR - National Media Bank Entry,0,
06/29/2026 - 07/14/2026,5049,50838.53,Corporate Advertising Fee,560001,Advertising-Production Fund,508.39,0.00,TQSR - Corporate Advertising Fee,0,
06/29/2026 - 07/14/2026,5049,50838.53,Corp Advertising Bank Acct Entry,217000,Accrued Royalties,0.00,508.39,TQSR - Corp Advertising Bank Acct Entry,0,
06/29/2026 - 07/14/2026,5051,58230.92,Royalty Fee,651000,Royalties,3785.01,0.00,TQSR - Royalty Fee,0,
06/29/2026 - 07/14/2026,5051,58230.92,Royalties Bank Acct Entry,217000,Accrued Royalties,0.00,3785.01,TQSR - Royalties Bank Acct Entry,0,
06/29/2026 - 07/14/2026,5051,58230.92,National Media Fee,560000,Advertising-National,2329.24,0.00,TQSR - National Media Fee,0,
06/29/2026 - 07/14/2026,5051,58230.92,National Media Bank Entry,217000,Accrued Royalties,0.00,2329.24,TQSR - National Media Bank Entry,0,
06/29/2026 - 07/14/2026,5051,58230.92,Corporate Advertising Fee,560001,Advertising-Production Fund,582.31,0.00,TQSR - Corporate Advertising Fee,0,
06/29/2026 - 07/14/2026,5051,58230.92,Corp Advertising Bank Acct Entry,217000,Accrued Royalties,0.00,582.31,TQSR - Corp Advertising Bank Acct Entry,0,
06/29/2026 - 07/14/2026,5057,60467.13,Royalty Fee,651000,Royalties,3930.36,0.00,TQSR - Royalty Fee,0,
06/29/2026 - 07/14/2026,5057,60467.13,Royalties Bank Acct Entry,217000,Accrued Royalties,0.00,3930.36,TQSR - Royalties Bank Acct Entry,0,
06/29/2026 - 07/14/2026,5057,60467.13,National Media Fee,560000,Advertising-National,2418.69,0.00,TQSR - National Media Fee,0,
06/29/2026 - 07/14/2026,5057,60467.13,National Media Bank Entry,217000,Accrued Royalties,0.00,2418.69,TQSR - National Media Bank Entry,0,
06/29/2026 - 07/14/2026,5057,60467.13,Corporate Advertising Fee,560001,Advertising-Production Fund,604.67,0.00,TQSR - Corporate Advertising Fee,0,
06/29/2026 - 07/14/2026,5057,60467.13,Corp Advertising Bank Acct Entry,217000,Accrued Royalties,0.00,604.67,TQSR - Corp Advertising Bank Acct Entry,0,
06/29/2026 - 07/14/2026,5059,54701.18,Royalty Fee,651000,Royalties,3555.58,0.00,TQSR - Royalty Fee,0,
06/29/2026 - 07/14/2026,5059,54701.18,Royalties Bank Acct Entry,217000,Accrued Royalties,0.00,3555.58,TQSR - Royalties Bank Acct Entry,0,
06/29/2026 - 07/14/2026,5059,54701.18,National Media Fee,560000,Advertising-National,2188.05,0.00,TQSR - National Media Fee,0,
06/29/2026 - 07/14/2026,5059,54701.18,National Media Bank Entry,217000,Accrued Royalties,0.00,2188.05,TQSR - National Media Bank Entry,0,
06/29/2026 - 07/14/2026,5059,54701.18,Corporate Advertising Fee,560001,Advertising-Production Fund,547.01,0.00,TQSR - Corporate Advertising Fee,0,
06/29/2026 - 07/14/2026,5059,54701.18,Corp Advertising Bank Acct Entry,217000,Accrued Royalties,0.00,547.01,TQSR - Corp Advertising Bank Acct Entry,0,
06/29/2026 - 07/14/2026,5062,52649.96,Royalty Fee,651000,Royalties,3422.25,0.00,TQSR - Royalty Fee,0,
06/29/2026 - 07/14/2026,5062,52649.96,Royalties Bank Acct Entry,217000,Accrued Royalties,0.00,3422.25,TQSR - Royalties Bank Acct Entry,0,
06/29/2026 - 07/14/2026,5062,52649.96,National Media Fee,560000,Advertising-National,2106.00,0.00,TQSR - National Media Fee,0,
06/29/2026 - 07/14/2026,5062,52649.96,National Media Bank Entry,217000,Accrued Royalties,0.00,2106.00,TQSR - National Media Bank Entry,0,
06/29/2026 - 07/14/2026,5062,52649.96,Corporate Advertising Fee,560001,Advertising-Production Fund,526.50,0.00,TQSR - Corporate Advertising Fee,0,
06/29/2026 - 07/14/2026,5062,52649.96,Corp Advertising Bank Acct Entry,217000,Accrued Royalties,0.00,526.50,TQSR - Corp Advertising Bank Acct Entry,0,
06/29/2026 - 07/14/2026,5101,55384.17,Royalty Fee,651000,Royalties,3599.97,0.00,TQSR - Royalty Fee,0,
06/29/2026 - 07/14/2026,5101,55384.17,Royalties Bank Acct Entry,217000,Accrued Royalties,0.00,3599.97,TQSR - Royalties Bank Acct Entry,0,
06/29/2026 - 07/14/2026,5101,55384.17,National Media Fee,560000,Advertising-National,2215.37,0.00,TQSR - National Media Fee,0,
06/29/2026 - 07/14/2026,5101,55384.17,National Media Bank Entry,217000,Accrued Royalties,0.00,2215.37,TQSR - National Media Bank Entry,0,
06/29/2026 - 07/14/2026,5101,55384.17,Corporate Advertising Fee,560001,Advertising-Production Fund,553.84,0.00,TQSR - Corporate Advertising Fee,0,
06/29/2026 - 07/14/2026,5101,55384.17,Corp Advertising Bank Acct Entry,217000,Accrued Royalties,0.00,553.84,TQSR - Corp Advertising Bank Acct Entry,0,
06/29/2026 - 07/14/2026,5112,50895.84,Royalty Fee,651000,Royalties,3308.23,0.00,TQSR - Royalty Fee,0,
06/29/2026 - 07/14/2026,5112,50895.84,Royalties Bank Acct Entry,217000,Accrued Royalties,0.00,3308.23,TQSR - Royalties Bank Acct Entry,0,
06/29/2026 - 07/14/2026,5112,50895.84,National Media Fee,560000,Advertising-National,2035.83,0.00,TQSR - National Media Fee,0,
06/29/2026 - 07/14/2026,5112,50895.84,National Media Bank Entry,217000,Accrued Royalties,0.00,2035.83,TQSR - National Media Bank Entry,0,
06/29/2026 - 07/14/2026,5112,50895.84,Corporate Advertising Fee,560001,Advertising-Production Fund,508.96,0.00,TQSR - Corporate Advertising Fee,0,
06/29/2026 - 07/14/2026,5112,50895.84,Corp Advertising Bank Acct Entry,217000,Accrued Royalties,0.00,508.96,TQSR - Corp Advertising Bank Acct Entry,0,
06/29/2026 - 07/14/2026,5127,66677.00,Royalty Fee,651000,Royalties,4334.01,0.00,TQSR - Royalty Fee,0,
06/29/2026 - 07/14/2026,5127,66677.00,Royalties Bank Acct Entry,217000,Accrued Royalties,0.00,4334.01,TQSR - Royalties Bank Acct Entry,0,
06/29/2026 - 07/14/2026,5127,66677.00,National Media Fee,560000,Advertising-National,2667.08,0.00,TQSR - National Media Fee,0,
06/29/2026 - 07/14/2026,5127,66677.00,National Media Bank Entry,217000,Accrued Royalties,0.00,2667.08,TQSR - National Media Bank Entry,0,
06/29/2026 - 07/14/2026,5127,66677.00,Corporate Advertising Fee,560001,Advertising-Production Fund,666.77,0.00,TQSR - Corporate Advertising Fee,0,
06/29/2026 - 07/14/2026,5127,66677.00,Corp Advertising Bank Acct Entry,217000,Accrued Royalties,0.00,666.77,TQSR - Corp Advertising Bank Acct Entry,0,
06/29/2026 - 07/14/2026,6021,61221.83,Royalty Fee,651000,Royalties,3979.42,0.00,TQSR - Royalty Fee,0,
06/29/2026 - 07/14/2026,6021,61221.83,Royalties Bank Acct Entry,217000,Accrued Royalties,0.00,3979.42,TQSR - Royalties Bank Acct Entry,0,
06/29/2026 - 07/14/2026,6021,61221.83,National Media Fee,560000,Advertising-National,2448.87,0.00,TQSR - National Media Fee,0,
06/29/2026 - 07/14/2026,6021,61221.83,National Media Bank Entry,217000,Accrued Royalties,0.00,2448.87,TQSR - National Media Bank Entry,0,
06/29/2026 - 07/14/2026,6021,61221.83,Corporate Advertising Fee,560001,Advertising-Production Fund,612.22,0.00,TQSR - Corporate Advertising Fee,0,
06/29/2026 - 07/14/2026,6021,61221.83,Corp Advertising Bank Acct Entry,217000,Accrued Royalties,0.00,612.22,TQSR - Corp Advertising Bank Acct Entry,0,
06/29/2026 - 07/14/2026,6026,51406.74,Royalty Fee,651000,Royalties,3341.44,0.00,TQSR - Royalty Fee,0,
06/29/2026 - 07/14/2026,6026,51406.74,Royalties Bank Acct Entry,217000,Accrued Royalties,0.00,3341.44,TQSR - Royalties Bank Acct Entry,0,
06/29/2026 - 07/14/2026,6026,51406.74,National Media Fee,560000,Advertising-National,2056.27,0.00,TQSR - National Media Fee,0,
06/29/2026 - 07/14/2026,6026,51406.74,National Media Bank Entry,217000,Accrued Royalties,0.00,2056.27,TQSR - National Media Bank Entry,0,
06/29/2026 - 07/14/2026,6026,51406.74,Corporate Advertising Fee,560001,Advertising-Production Fund,514.07,0.00,TQSR - Corporate Advertising Fee,0,
06/29/2026 - 07/14/2026,6026,51406.74,Corp Advertising Bank Acct Entry,217000,Accrued Royalties,0.00,514.07,TQSR - Corp Advertising Bank Acct Entry,0,
06/29/2026 - 07/14/2026,6032,68378.98,Royalty Fee,651000,Royalties,4444.63,0.00,TQSR - Royalty Fee,0,
06/29/2026 - 07/14/2026,6032,68378.98,Royalties Bank Acct Entry,217000,Accrued Royalties,0.00,4444.63,TQSR - Royalties Bank Acct Entry,0,
06/29/2026 - 07/14/2026,6032,68378.98,National Media Fee,560000,Advertising-National,2735.16,0.00,TQSR - National Media Fee,0,
06/29/2026 - 07/14/2026,6032,68378.98,National Media Bank Entry,217000,Accrued Royalties,0.00,2735.16,TQSR - National Media Bank Entry,0,
06/29/2026 - 07/14/2026,6032,68378.98,Corporate Advertising Fee,560001,Advertising-Production Fund,683.79,0.00,TQSR - Corporate Advertising Fee,0,
06/29/2026 - 07/14/2026,6032,68378.98,Corp Advertising Bank Acct Entry,217000,Accrued Royalties,0.00,683.79,TQSR - Corp Advertising Bank Acct Entry,0,
06/29/2026 - 07/14/2026,6037,62425.93,Royalty Fee,651000,Royalties,4057.69,0.00,TQSR - Royalty Fee,0,
06/29/2026 - 07/14/2026,6037,62425.93,Royalties Bank Acct Entry,217000,Accrued Royalties,0.00,4057.69,TQSR - Royalties Bank Acct Entry,0,
06/29/2026 - 07/14/2026,6037,62425.93,National Media Fee,560000,Advertising-National,2497.04,0.00,TQSR - National Media Fee,0,
06/29/2026 - 07/14/2026,6037,62425.93,National Media Bank Entry,217000,Accrued Royalties,0.00,2497.04,TQSR - National Media Bank Entry,0,
06/29/2026 - 07/14/2026,6037,62425.93,Corporate Advertising Fee,560001,Advertising-Production Fund,624.26,0.00,TQSR - Corporate Advertising Fee,0,
06/29/2026 - 07/14/2026,6037,62425.93,Corp Advertising Bank Acct Entry,217000,Accrued Royalties,0.00,624.26,TQSR - Corp Advertising Bank Acct Entry,0,
06/29/2026 - 07/14/2026,6039,59910.99,Royalty Fee,651000,Royalties,3894.21,0.00,TQSR - Royalty Fee,0,
06/29/2026 - 07/14/2026,6039,59910.99,Royalties Bank Acct Entry,217000,Accrued Royalties,0.00,3894.21,TQSR - Royalties Bank Acct Entry,0,
06/29/2026 - 07/14/2026,6039,59910.99,National Media Fee,560000,Advertising-National,2396.44,0.00,TQSR - National Media Fee,0,
06/29/2026 - 07/14/2026,6039,59910.99,National Media Bank Entry,217000,Accrued Royalties,0.00,2396.44,TQSR - National Media Bank Entry,0,
06/29/2026 - 07/14/2026,6039,59910.99,Corporate Advertising Fee,560001,Advertising-Production Fund,599.11,0.00,TQSR - Corporate Advertising Fee,0,
06/29/2026 - 07/14/2026,6039,59910.99,Corp Advertising Bank Acct Entry,217000,Accrued Royalties,0.00,599.11,TQSR - Corp Advertising Bank Acct Entry,0,
06/29/2026 - 07/14/2026,6044,66998.85,Royalty Fee,651000,Royalties,4354.93,0.00,TQSR - Royalty Fee,0,
06/29/2026 - 07/14/2026,6044,66998.85,Royalties Bank Acct Entry,217000,Accrued Royalties,0.00,4354.93,TQSR - Royalties Bank Acct Entry,0,
06/29/2026 - 07/14/2026,6044,66998.85,National Media Fee,560000,Advertising-National,2679.95,0.00,TQSR - National Media Fee,0,
06/29/2026 - 07/14/2026,6044,66998.85,National Media Bank Entry,217000,Accrued Royalties,0.00,2679.95,TQSR - National Media Bank Entry,0,
06/29/2026 - 07/14/2026,6044,66998.85,Corporate Advertising Fee,560001,Advertising-Production Fund,669.99,0.00,TQSR - Corporate Advertising Fee,0,
06/29/2026 - 07/14/2026,6044,66998.85,Corp Advertising Bank Acct Entry,217000,Accrued Royalties,0.00,669.99,TQSR - Corp Advertising Bank Acct Entry,0,
06/29/2026 - 07/14/2026,6065,54585.01,Royalty Fee,651000,Royalties,3548.03,0.00,TQSR - Royalty Fee,0,
06/29/2026 - 07/14/2026,6065,54585.01,Royalties Bank Acct Entry,217000,Accrued Royalties,0.00,3548.03,TQSR - Royalties Bank Acct Entry,0,
06/29/2026 - 07/14/2026,6065,54585.01,National Media Fee,560000,Advertising-National,2183.40,0.00,TQSR - National Media Fee,0,
06/29/2026 - 07/14/2026,6065,54585.01,National Media Bank Entry,217000,Accrued Royalties,0.00,2183.40,TQSR - National Media Bank Entry,0,
06/29/2026 - 07/14/2026,6065,54585.01,Corporate Advertising Fee,560001,Advertising-Production Fund,545.85,0.00,TQSR - Corporate Advertising Fee,0,
06/29/2026 - 07/14/2026,6065,54585.01,Corp Advertising Bank Acct Entry,217000,Accrued Royalties,0.00,545.85,TQSR - Corp Advertising Bank Acct Entry,0,
06/29/2026 - 07/14/2026,6067,57172.21,Royalty Fee,651000,Royalties,3716.19,0.00,TQSR - Royalty Fee,0,
06/29/2026 - 07/14/2026,6067,57172.21,Royalties Bank Acct Entry,217000,Accrued Royalties,0.00,3716.19,TQSR - Royalties Bank Acct Entry,0,
06/29/2026 - 07/14/2026,6067,57172.21,National Media Fee,560000,Advertising-National,2286.89,0.00,TQSR - National Media Fee,0,
06/29/2026 - 07/14/2026,6067,57172.21,National Media Bank Entry,217000,Accrued Royalties,0.00,2286.89,TQSR - National Media Bank Entry,0,
06/29/2026 - 07/14/2026,6067,57172.21,Corporate Advertising Fee,560001,Advertising-Production Fund,571.72,0.00,TQSR - Corporate Advertising Fee,0,
06/29/2026 - 07/14/2026,6067,57172.21,Corp Advertising Bank Acct Entry,217000,Accrued Royalties,0.00,571.72,TQSR - Corp Advertising Bank Acct Entry,0,
06/29/2026 - 07/14/2026,6072,83801.21,Royalty Fee,651000,Royalties,5447.08,0.00,TQSR - Royalty Fee,0,
06/29/2026 - 07/14/2026,6072,83801.21,Royalties Bank Acct Entry,217000,Accrued Royalties,0.00,5447.08,TQSR - Royalties Bank Acct Entry,0,
06/29/2026 - 07/14/2026,6072,83801.21,National Media Fee,560000,Advertising-National,3352.05,0.00,TQSR - National Media Fee,0,
06/29/2026 - 07/14/2026,6072,83801.21,National Media Bank Entry,217000,Accrued Royalties,0.00,3352.05,TQSR - National Media Bank Entry,0,
06/29/2026 - 07/14/2026,6072,83801.21,Corporate Advertising Fee,560001,Advertising-Production Fund,838.01,0.00,TQSR - Corporate Advertising Fee,0,
06/29/2026 - 07/14/2026,6072,83801.21,Corp Advertising Bank Acct Entry,217000,Accrued Royalties,0.00,838.01,TQSR - Corp Advertising Bank Acct Entry,0,
06/29/2026 - 07/14/2026,6074,49160.79,Royalty Fee,651000,Royalties,3195.45,0.00,TQSR - Royalty Fee,0,
06/29/2026 - 07/14/2026,6074,49160.79,Royalties Bank Acct Entry,217000,Accrued Royalties,0.00,3195.45,TQSR - Royalties Bank Acct Entry,0,
06/29/2026 - 07/14/2026,6074,49160.79,National Media Fee,560000,Advertising-National,1966.43,0.00,TQSR - National Media Fee,0,
06/29/2026 - 07/14/2026,6074,49160.79,National Media Bank Entry,217000,Accrued Royalties,0.00,1966.43,TQSR - National Media Bank Entry,0,
06/29/2026 - 07/14/2026,6074,49160.79,Corporate Advertising Fee,560001,Advertising-Production Fund,491.61,0.00,TQSR - Corporate Advertising Fee,0,
06/29/2026 - 07/14/2026,6074,49160.79,Corp Advertising Bank Acct Entry,217000,Accrued Royalties,0.00,491.61,TQSR - Corp Advertising Bank Acct Entry,0,
06/29/2026 - 07/14/2026,6076,40217.89,Royalty Fee,651000,Royalties,2614.16,0.00,TQSR - Royalty Fee,0,
06/29/2026 - 07/14/2026,6076,40217.89,Royalties Bank Acct Entry,217000,Accrued Royalties,0.00,2614.16,TQSR - Royalties Bank Acct Entry,0,
06/29/2026 - 07/14/2026,6076,40217.89,National Media Fee,560000,Advertising-National,1608.72,0.00,TQSR - National Media Fee,0,
06/29/2026 - 07/14/2026,6076,40217.89,National Media Bank Entry,217000,Accrued Royalties,0.00,1608.72,TQSR - National Media Bank Entry,0,
06/29/2026 - 07/14/2026,6076,40217.89,Corporate Advertising Fee,560001,Advertising-Production Fund,402.18,0.00,TQSR - Corporate Advertising Fee,0,
06/29/2026 - 07/14/2026,6076,40217.89,Corp Advertising Bank Acct Entry,217000,Accrued Royalties,0.00,402.18,TQSR - Corp Advertising Bank Acct Entry,0,
06/29/2026 - 07/14/2026,6083,53632.94,Royalty Fee,651000,Royalties,3486.14,0.00,TQSR - Royalty Fee,0,
06/29/2026 - 07/14/2026,6083,53632.94,Royalties Bank Acct Entry,217000,Accrued Royalties,0.00,3486.14,TQSR - Royalties Bank Acct Entry,0,
06/29/2026 - 07/14/2026,6083,53632.94,National Media Fee,560000,Advertising-National,2145.32,0.00,TQSR - National Media Fee,0,
06/29/2026 - 07/14/2026,6083,53632.94,National Media Bank Entry,217000,Accrued Royalties,0.00,2145.32,TQSR - National Media Bank Entry,0,
06/29/2026 - 07/14/2026,6083,53632.94,Corporate Advertising Fee,560001,Advertising-Production Fund,536.33,0.00,TQSR - Corporate Advertising Fee,0,
06/29/2026 - 07/14/2026,6083,53632.94,Corp Advertising Bank Acct Entry,217000,Accrued Royalties,0.00,536.33,TQSR - Corp Advertising Bank Acct Entry,0,
06/29/2026 - 07/14/2026,6088,59104.10,Royalty Fee,651000,Royalties,3841.77,0.00,TQSR - Royalty Fee,0,
06/29/2026 - 07/14/2026,6088,59104.10,Royalties Bank Acct Entry,217000,Accrued Royalties,0.00,3841.77,TQSR - Royalties Bank Acct Entry,0,
06/29/2026 - 07/14/2026,6088,59104.10,National Media Fee,560000,Advertising-National,2364.16,0.00,TQSR - National Media Fee,0,
06/29/2026 - 07/14/2026,6088,59104.10,National Media Bank Entry,217000,Accrued Royalties,0.00,2364.16,TQSR - National Media Bank Entry,0,
06/29/2026 - 07/14/2026,6088,59104.10,Corporate Advertising Fee,560001,Advertising-Production Fund,591.04,0.00,TQSR - Corporate Advertising Fee,0,
06/29/2026 - 07/14/2026,6088,59104.10,Corp Advertising Bank Acct Entry,217000,Accrued Royalties,0.00,591.04,TQSR - Corp Advertising Bank Acct Entry,0,
06/29/2026 - 07/14/2026,6093,51654.24,Royalty Fee,651000,Royalties,3357.53,0.00,TQSR - Royalty Fee,0,
06/29/2026 - 07/14/2026,6093,51654.24,Royalties Bank Acct Entry,217000,Accrued Royalties,0.00,3357.53,TQSR - Royalties Bank Acct Entry,0,
06/29/2026 - 07/14/2026,6093,51654.24,National Media Fee,560000,Advertising-National,2066.17,0.00,TQSR - National Media Fee,0,
06/29/2026 - 07/14/2026,6093,51654.24,National Media Bank Entry,217000,Accrued Royalties,0.00,2066.17,TQSR - National Media Bank Entry,0,
06/29/2026 - 07/14/2026,6093,51654.24,Corporate Advertising Fee,560001,Advertising-Production Fund,516.54,0.00,TQSR - Corporate Advertising Fee,0,
06/29/2026 - 07/14/2026,6093,51654.24,Corp Advertising Bank Acct Entry,217000,Accrued Royalties,0.00,516.54,TQSR - Corp Advertising Bank Acct Entry,0,
06/29/2026 - 07/14/2026,6094,36594.41,Royalty Fee,651000,Royalties,2378.64,0.00,TQSR - Royalty Fee,0,
06/29/2026 - 07/14/2026,6094,36594.41,Royalties Bank Acct Entry,217000,Accrued Royalties,0.00,2378.64,TQSR - Royalties Bank Acct Entry,0,
06/29/2026 - 07/14/2026,6094,36594.41,National Media Fee,560000,Advertising-National,1463.78,0.00,TQSR - National Media Fee,0,
06/29/2026 - 07/14/2026,6094,36594.41,National Media Bank Entry,217000,Accrued Royalties,0.00,1463.78,TQSR - National Media Bank Entry,0,
06/29/2026 - 07/14/2026,6094,36594.41,Corporate Advertising Fee,560001,Advertising-Production Fund,365.94,0.00,TQSR - Corporate Advertising Fee,0,
06/29/2026 - 07/14/2026,6094,36594.41,Corp Advertising Bank Acct Entry,217000,Accrued Royalties,0.00,365.94,TQSR - Corp Advertising Bank Acct Entry,0,
06/29/2026 - 07/14/2026,6102,49641.20,Royalty Fee,651000,Royalties,3226.68,0.00,TQSR - Royalty Fee,0,
06/29/2026 - 07/14/2026,6102,49641.20,Royalties Bank Acct Entry,217000,Accrued Royalties,0.00,3226.68,TQSR - Royalties Bank Acct Entry,0,
06/29/2026 - 07/14/2026,6102,49641.20,National Media Fee,560000,Advertising-National,1985.65,0.00,TQSR - National Media Fee,0,
06/29/2026 - 07/14/2026,6102,49641.20,National Media Bank Entry,217000,Accrued Royalties,0.00,1985.65,TQSR - National Media Bank Entry,0,
06/29/2026 - 07/14/2026,6102,49641.20,Corporate Advertising Fee,560001,Advertising-Production Fund,496.41,0.00,TQSR - Corporate Advertising Fee,0,
06/29/2026 - 07/14/2026,6102,49641.20,Corp Advertising Bank Acct Entry,217000,Accrued Royalties,0.00,496.41,TQSR - Corp Advertising Bank Acct Entry,0,
06/29/2026 - 07/14/2026,7024,69509.51,Royalty Fee,651000,Royalties,4518.12,0.00,TQSR - Royalty Fee,0,
06/29/2026 - 07/14/2026,7024,69509.51,Royalties Bank Acct Entry,217000,Accrued Royalties,0.00,4518.12,TQSR - Royalties Bank Acct Entry,0,
06/29/2026 - 07/14/2026,7024,69509.51,National Media Fee,560000,Advertising-National,2780.38,0.00,TQSR - National Media Fee,0,
06/29/2026 - 07/14/2026,7024,69509.51,National Media Bank Entry,217000,Accrued Royalties,0.00,2780.38,TQSR - National Media Bank Entry,0,
06/29/2026 - 07/14/2026,7024,69509.51,Corporate Advertising Fee,560001,Advertising-Production Fund,695.10,0.00,TQSR - Corporate Advertising Fee,0,
06/29/2026 - 07/14/2026,7024,69509.51,Corp Advertising Bank Acct Entry,217000,Accrued Royalties,0.00,695.10,TQSR - Corp Advertising Bank Acct Entry,0,
06/29/2026 - 07/14/2026,7032,56411.40,Royalty Fee,651000,Royalties,3666.74,0.00,TQSR - Royalty Fee,0,
06/29/2026 - 07/14/2026,7032,56411.40,Royalties Bank Acct Entry,217000,Accrued Royalties,0.00,3666.74,TQSR - Royalties Bank Acct Entry,0,
06/29/2026 - 07/14/2026,7032,56411.40,National Media Fee,560000,Advertising-National,2256.46,0.00,TQSR - National Media Fee,0,
06/29/2026 - 07/14/2026,7032,56411.40,National Media Bank Entry,217000,Accrued Royalties,0.00,2256.46,TQSR - National Media Bank Entry,0,
06/29/2026 - 07/14/2026,7032,56411.40,Corporate Advertising Fee,560001,Advertising-Production Fund,564.11,0.00,TQSR - Corporate Advertising Fee,0,
06/29/2026 - 07/14/2026,7032,56411.40,Corp Advertising Bank Acct Entry,217000,Accrued Royalties,0.00,564.11,TQSR - Corp Advertising Bank Acct Entry,0,
06/29/2026 - 07/14/2026,7039,48131.61,Royalty Fee,651000,Royalties,3128.55,0.00,TQSR - Royalty Fee,0,
06/29/2026 - 07/14/2026,7039,48131.61,Royalties Bank Acct Entry,217000,Accrued Royalties,0.00,3128.55,TQSR - Royalties Bank Acct Entry,0,
06/29/2026 - 07/14/2026,7039,48131.61,National Media Fee,560000,Advertising-National,1925.26,0.00,TQSR - National Media Fee,0,
06/29/2026 - 07/14/2026,7039,48131.61,National Media Bank Entry,217000,Accrued Royalties,0.00,1925.26,TQSR - National Media Bank Entry,0,
06/29/2026 - 07/14/2026,7039,48131.61,Corporate Advertising Fee,560001,Advertising-Production Fund,481.32,0.00,TQSR - Corporate Advertising Fee,0,
06/29/2026 - 07/14/2026,7039,48131.61,Corp Advertising Bank Acct Entry,217000,Accrued Royalties,0.00,481.32,TQSR - Corp Advertising Bank Acct Entry,0,
06/29/2026 - 07/14/2026,7049,88446.41,Royalty Fee,651000,Royalties,5749.02,0.00,TQSR - Royalty Fee,0,
06/29/2026 - 07/14/2026,7049,88446.41,Royalties Bank Acct Entry,217000,Accrued Royalties,0.00,5749.02,TQSR - Royalties Bank Acct Entry,0,
06/29/2026 - 07/14/2026,7049,88446.41,National Media Fee,560000,Advertising-National,3537.86,0.00,TQSR - National Media Fee,0,
06/29/2026 - 07/14/2026,7049,88446.41,National Media Bank Entry,217000,Accrued Royalties,0.00,3537.86,TQSR - National Media Bank Entry,0,
06/29/2026 - 07/14/2026,7049,88446.41,Corporate Advertising Fee,560001,Advertising-Production Fund,884.46,0.00,TQSR - Corporate Advertising Fee,0,
06/29/2026 - 07/14/2026,7049,88446.41,Corp Advertising Bank Acct Entry,217000,Accrued Royalties,0.00,884.46,TQSR - Corp Advertising Bank Acct Entry,0,
06/29/2026 - 07/14/2026,7066,49235.86,Royalty Fee,651000,Royalties,3200.33,0.00,TQSR - Royalty Fee,0,
06/29/2026 - 07/14/2026,7066,49235.86,Royalties Bank Acct Entry,217000,Accrued Royalties,0.00,3200.33,TQSR - Royalties Bank Acct Entry,0,
06/29/2026 - 07/14/2026,7066,49235.86,National Media Fee,560000,Advertising-National,1969.43,0.00,TQSR - National Media Fee,0,
06/29/2026 - 07/14/2026,7066,49235.86,National Media Bank Entry,217000,Accrued Royalties,0.00,1969.43,TQSR - National Media Bank Entry,0,
06/29/2026 - 07/14/2026,7066,49235.86,Corporate Advertising Fee,560001,Advertising-Production Fund,492.36,0.00,TQSR - Corporate Advertising Fee,0,
06/29/2026 - 07/14/2026,7066,49235.86,Corp Advertising Bank Acct Entry,217000,Accrued Royalties,0.00,492.36,TQSR - Corp Advertising Bank Acct Entry,0,
06/29/2026 - 07/14/2026,13026,56308.15,Royalty Fee,651000,Royalties,3660.03,0.00,TQSR - Royalty Fee,0,
06/29/2026 - 07/14/2026,13026,56308.15,Royalties Bank Acct Entry,217000,Accrued Royalties,0.00,3660.03,TQSR - Royalties Bank Acct Entry,0,
06/29/2026 - 07/14/2026,13026,56308.15,National Media Fee,560000,Advertising-National,2252.33,0.00,TQSR - National Media Fee,0,
06/29/2026 - 07/14/2026,13026,56308.15,National Media Bank Entry,217000,Accrued Royalties,0.00,2252.33,TQSR - National Media Bank Entry,0,
06/29/2026 - 07/14/2026,13026,56308.15,Corporate Advertising Fee,560001,Advertising-Production Fund,563.08,0.00,TQSR - Corporate Advertising Fee,0,
06/29/2026 - 07/14/2026,13026,56308.15,Corp Advertising Bank Acct Entry,217000,Accrued Royalties,0.00,563.08,TQSR - Corp Advertising Bank Acct Entry,0,
06/29/2026 - 07/14/2026,13062,54412.97,Royalty Fee,651000,Royalties,3536.84,0.00,TQSR - Royalty Fee,0,
06/29/2026 - 07/14/2026,13062,54412.97,Royalties Bank Acct Entry,217000,Accrued Royalties,0.00,3536.84,TQSR - Royalties Bank Acct Entry,0,
06/29/2026 - 07/14/2026,13062,54412.97,National Media Fee,560000,Advertising-National,2176.52,0.00,TQSR - National Media Fee,0,
06/29/2026 - 07/14/2026,13062,54412.97,National Media Bank Entry,217000,Accrued Royalties,0.00,2176.52,TQSR - National Media Bank Entry,0,
06/29/2026 - 07/14/2026,13062,54412.97,Corporate Advertising Fee,560001,Advertising-Production Fund,544.13,0.00,TQSR - Corporate Advertising Fee,0,
06/29/2026 - 07/14/2026,13062,54412.97,Corp Advertising Bank Acct Entry,217000,Accrued Royalties,0.00,544.13,TQSR - Corp Advertising Bank Acct Entry,0,
06/29/2026 - 07/14/2026,13082,39889.51,Royalty Fee,651000,Royalties,2592.82,0.00,TQSR - Royalty Fee,0,
06/29/2026 - 07/14/2026,13082,39889.51,Royalties Bank Acct Entry,217000,Accrued Royalties,0.00,2592.82,TQSR - Royalties Bank Acct Entry,0,
06/29/2026 - 07/14/2026,13082,39889.51,National Media Fee,560000,Advertising-National,1595.58,0.00,TQSR - National Media Fee,0,
06/29/2026 - 07/14/2026,13082,39889.51,National Media Bank Entry,217000,Accrued Royalties,0.00,1595.58,TQSR - National Media Bank Entry,0,
06/29/2026 - 07/14/2026,13082,39889.51,Corporate Advertising Fee,560001,Advertising-Production Fund,398.90,0.00,TQSR - Corporate Advertising Fee,0,
06/29/2026 - 07/14/2026,13082,39889.51,Corp Advertising Bank Acct Entry,217000,Accrued Royalties,0.00,398.90,TQSR - Corp Advertising Bank Acct Entry,0,
06/29/2026 - 07/14/2026,13106,38841.20,Royalty Fee,651000,Royalties,2524.68,0.00,TQSR - Royalty Fee,0,
06/29/2026 - 07/14/2026,13106,38841.20,Royalties Bank Acct Entry,217000,Accrued Royalties,0.00,2524.68,TQSR - Royalties Bank Acct Entry,0,
06/29/2026 - 07/14/2026,13106,38841.20,National Media Fee,560000,Advertising-National,1553.65,0.00,TQSR - National Media Fee,0,
06/29/2026 - 07/14/2026,13106,38841.20,National Media Bank Entry,217000,Accrued Royalties,0.00,1553.65,TQSR - National Media Bank Entry,0,
06/29/2026 - 07/14/2026,13106,38841.20,Corporate Advertising Fee,560001,Advertising-Production Fund,388.41,0.00,TQSR - Corporate Advertising Fee,0,
06/29/2026 - 07/14/2026,13106,38841.20,Corp Advertising Bank Acct Entry,217000,Accrued Royalties,0.00,388.41,TQSR - Corp Advertising Bank Acct Entry,0,
06/29/2026 - 07/14/2026,13116,56088.11,Royalty Fee,651000,Royalties,3645.73,0.00,TQSR - Royalty Fee,0,
06/29/2026 - 07/14/2026,13116,56088.11,Royalties Bank Acct Entry,217000,Accrued Royalties,0.00,3645.73,TQSR - Royalties Bank Acct Entry,0,
06/29/2026 - 07/14/2026,13116,56088.11,National Media Fee,560000,Advertising-National,2243.52,0.00,TQSR - National Media Fee,0,
06/29/2026 - 07/14/2026,13116,56088.11,National Media Bank Entry,217000,Accrued Royalties,0.00,2243.52,TQSR - National Media Bank Entry,0,
06/29/2026 - 07/14/2026,13116,56088.11,Corporate Advertising Fee,560001,Advertising-Production Fund,560.88,0.00,TQSR - Corporate Advertising Fee,0,
06/29/2026 - 07/14/2026,13116,56088.11,Corp Advertising Bank Acct Entry,217000,Accrued Royalties,0.00,560.88,TQSR - Corp Advertising Bank Acct Entry,0,
06/29/2026 - 07/14/2026,13138,40600.97,Royalty Fee,651000,Royalties,2639.06,0.00,TQSR - Royalty Fee,0,
06/29/2026 - 07/14/2026,13138,40600.97,Royalties Bank Acct Entry,217000,Accrued Royalties,0.00,2639.06,TQSR - Royalties Bank Acct Entry,0,
06/29/2026 - 07/14/2026,13138,40600.97,National Media Fee,560000,Advertising-National,1624.04,0.00,TQSR - National Media Fee,0,
06/29/2026 - 07/14/2026,13138,40600.97,National Media Bank Entry,217000,Accrued Royalties,0.00,1624.04,TQSR - National Media Bank Entry,0,
06/29/2026 - 07/14/2026,13138,40600.97,Corporate Advertising Fee,560001,Advertising-Production Fund,406.01,0.00,TQSR - Corporate Advertising Fee,0,
06/29/2026 - 07/14/2026,13138,40600.97,Corp Advertising Bank Acct Entry,217000,Accrued Royalties,0.00,406.01,TQSR - Corp Advertising Bank Acct Entry,0,
06/29/2026 - 07/14/2026,13148,66864.67,Royalty Fee,651000,Royalties,4346.20,0.00,TQSR - Royalty Fee,0,
06/29/2026 - 07/14/2026,13148,66864.67,Royalties Bank Acct Entry,217000,Accrued Royalties,0.00,4346.20,TQSR - Royalties Bank Acct Entry,0,
06/29/2026 - 07/14/2026,13148,66864.67,National Media Fee,560000,Advertising-National,2674.59,0.00,TQSR - National Media Fee,0,
06/29/2026 - 07/14/2026,13148,66864.67,National Media Bank Entry,217000,Accrued Royalties,0.00,2674.59,TQSR - National Media Bank Entry,0,
06/29/2026 - 07/14/2026,13148,66864.67,Corporate Advertising Fee,560001,Advertising-Production Fund,668.65,0.00,TQSR - Corporate Advertising Fee,0,
06/29/2026 - 07/14/2026,13148,66864.67,Corp Advertising Bank Acct Entry,217000,Accrued Royalties,0.00,668.65,TQSR - Corp Advertising Bank Acct Entry,0,
06/29/2026 - 07/14/2026,13160,55335.07,Royalty Fee,651000,Royalties,3596.78,0.00,TQSR - Royalty Fee,0,
06/29/2026 - 07/14/2026,13160,55335.07,Royalties Bank Acct Entry,217000,Accrued Royalties,0.00,3596.78,TQSR - Royalties Bank Acct Entry,0,
06/29/2026 - 07/14/2026,13160,55335.07,National Media Fee,560000,Advertising-National,2213.40,0.00,TQSR - National Media Fee,0,
06/29/2026 - 07/14/2026,13160,55335.07,National Media Bank Entry,217000,Accrued Royalties,0.00,2213.40,TQSR - National Media Bank Entry,0,
06/29/2026 - 07/14/2026,13160,55335.07,Corporate Advertising Fee,560001,Advertising-Production Fund,553.35,0.00,TQSR - Corporate Advertising Fee,0,
06/29/2026 - 07/14/2026,13160,55335.07,Corp Advertising Bank Acct Entry,217000,Accrued Royalties,0.00,553.35,TQSR - Corp Advertising Bank Acct Entry,0,
06/29/2026 - 07/14/2026,13162,60213.04,Royalty Fee,651000,Royalties,3913.85,0.00,TQSR - Royalty Fee,0,
06/29/2026 - 07/14/2026,13162,60213.04,Royalties Bank Acct Entry,217000,Accrued Royalties,0.00,3913.85,TQSR - Royalties Bank Acct Entry,0,
06/29/2026 - 07/14/2026,13162,60213.04,National Media Fee,560000,Advertising-National,2408.52,0.00,TQSR - National Media Fee,0,
06/29/2026 - 07/14/2026,13162,60213.04,National Media Bank Entry,217000,Accrued Royalties,0.00,2408.52,TQSR - National Media Bank Entry,0,
06/29/2026 - 07/14/2026,13162,60213.04,Corporate Advertising Fee,560001,Advertising-Production Fund,602.13,0.00,TQSR - Corporate Advertising Fee,0,
06/29/2026 - 07/14/2026,13162,60213.04,Corp Advertising Bank Acct Entry,217000,Accrued Royalties,0.00,602.13,TQSR - Corp Advertising Bank Acct Entry,0,
06/29/2026 - 07/14/2026,13219,52927.35,Royalty Fee,651000,Royalties,3440.28,0.00,TQSR - Royalty Fee,0,
06/29/2026 - 07/14/2026,13219,52927.35,Royalties Bank Acct Entry,217000,Accrued Royalties,0.00,3440.28,TQSR - Royalties Bank Acct Entry,0,
06/29/2026 - 07/14/2026,13219,52927.35,National Media Fee,560000,Advertising-National,2117.09,0.00,TQSR - National Media Fee,0,
06/29/2026 - 07/14/2026,13219,52927.35,National Media Bank Entry,217000,Accrued Royalties,0.00,2117.09,TQSR - National Media Bank Entry,0,
06/29/2026 - 07/14/2026,13219,52927.35,Corporate Advertising Fee,560001,Advertising-Production Fund,529.27,0.00,TQSR - Corporate Advertising Fee,0,
06/29/2026 - 07/14/2026,13219,52927.35,Corp Advertising Bank Acct Entry,217000,Accrued Royalties,0.00,529.27,TQSR - Corp Advertising Bank Acct Entry,0,
06/29/2026 - 07/14/2026,37001,112289.56,Royalty Fee,651000,Royalties,7298.82,0.00,TQSR - Royalty Fee,0,
06/29/2026 - 07/14/2026,37001,112289.56,Royalties Bank Acct Entry,217000,Accrued Royalties,0.00,7298.82,TQSR - Royalties Bank Acct Entry,0,
06/29/2026 - 07/14/2026,37001,112289.56,National Media Fee,560000,Advertising-National,4491.58,0.00,TQSR - National Media Fee,0,
06/29/2026 - 07/14/2026,37001,112289.56,National Media Bank Entry,217000,Accrued Royalties,0.00,4491.58,TQSR - National Media Bank Entry,0,
06/29/2026 - 07/14/2026,37001,112289.56,Corporate Advertising Fee,560001,Advertising-Production Fund,1122.90,0.00,TQSR - Corporate Advertising Fee,0,
06/29/2026 - 07/14/2026,37001,112289.56,Corp Advertising Bank Acct Entry,217000,Accrued Royalties,0.00,1122.90,TQSR - Corp Advertising Bank Acct Entry,0,
06/29/2026 - 07/14/2026,37002,79833.08,Royalty Fee,651000,Royalties,5189.15,0.00,TQSR - Royalty Fee,0,
06/29/2026 - 07/14/2026,37002,79833.08,Royalties Bank Acct Entry,217000,Accrued Royalties,0.00,5189.15,TQSR - Royalties Bank Acct Entry,0,
06/29/2026 - 07/14/2026,37002,79833.08,National Media Fee,560000,Advertising-National,3193.32,0.00,TQSR - National Media Fee,0,
06/29/2026 - 07/14/2026,37002,79833.08,National Media Bank Entry,217000,Accrued Royalties,0.00,3193.32,TQSR - National Media Bank Entry,0,
06/29/2026 - 07/14/2026,37002,79833.08,Corporate Advertising Fee,560001,Advertising-Production Fund,798.33,0.00,TQSR - Corporate Advertising Fee,0,
06/29/2026 - 07/14/2026,37002,79833.08,Corp Advertising Bank Acct Entry,217000,Accrued Royalties,0.00,798.33,TQSR - Corp Advertising Bank Acct Entry,0,
06/29/2026 - 07/14/2026,37004,44378.44,Royalty Fee,651000,Royalties,2884.60,0.00,TQSR - Royalty Fee,0,
06/29/2026 - 07/14/2026,37004,44378.44,Royalties Bank Acct Entry,217000,Accrued Royalties,0.00,2884.60,TQSR - Royalties Bank Acct Entry,0,
06/29/2026 - 07/14/2026,37004,44378.44,National Media Fee,560000,Advertising-National,1775.14,0.00,TQSR - National Media Fee,0,
06/29/2026 - 07/14/2026,37004,44378.44,National Media Bank Entry,217000,Accrued Royalties,0.00,1775.14,TQSR - National Media Bank Entry,0,
06/29/2026 - 07/14/2026,37004,44378.44,Corporate Advertising Fee,560001,Advertising-Production Fund,443.78,0.00,TQSR - Corporate Advertising Fee,0,
06/29/2026 - 07/14/2026,37004,44378.44,Corp Advertising Bank Acct Entry,217000,Accrued Royalties,0.00,443.78,TQSR - Corp Advertising Bank Acct Entry,0,
06/29/2026 - 07/14/2026,37006,80657.96,Royalty Fee,651000,Royalties,5242.77,0.00,TQSR - Royalty Fee,0,
06/29/2026 - 07/14/2026,37006,80657.96,Royalties Bank Acct Entry,217000,Accrued Royalties,0.00,5242.77,TQSR - Royalties Bank Acct Entry,0,
06/29/2026 - 07/14/2026,37006,80657.96,National Media Fee,560000,Advertising-National,3226.32,0.00,TQSR - National Media Fee,0,
06/29/2026 - 07/14/2026,37006,80657.96,National Media Bank Entry,217000,Accrued Royalties,0.00,3226.32,TQSR - National Media Bank Entry,0,
06/29/2026 - 07/14/2026,37006,80657.96,Corporate Advertising Fee,560001,Advertising-Production Fund,806.58,0.00,TQSR - Corporate Advertising Fee,0,
06/29/2026 - 07/14/2026,37006,80657.96,Corp Advertising Bank Acct Entry,217000,Accrued Royalties,0.00,806.58,TQSR - Corp Advertising Bank Acct Entry,0,
06/29/2026 - 07/14/2026,37007,104073.80,Royalty Fee,651000,Royalties,6764.80,0.00,TQSR - Royalty Fee,0,
06/29/2026 - 07/14/2026,37007,104073.80,Royalties Bank Acct Entry,217000,Accrued Royalties,0.00,6764.80,TQSR - Royalties Bank Acct Entry,0,
06/29/2026 - 07/14/2026,37007,104073.80,National Media Fee,560000,Advertising-National,4162.95,0.00,TQSR - National Media Fee,0,
06/29/2026 - 07/14/2026,37007,104073.80,National Media Bank Entry,217000,Accrued Royalties,0.00,4162.95,TQSR - National Media Bank Entry,0,
06/29/2026 - 07/14/2026,37007,104073.80,Corporate Advertising Fee,560001,Advertising-Production Fund,1040.74,0.00,TQSR - Corporate Advertising Fee,0,
06/29/2026 - 07/14/2026,37007,104073.80,Corp Advertising Bank Acct Entry,217000,Accrued Royalties,0.00,1040.74,TQSR - Corp Advertising Bank Acct Entry,0,
06/29/2026 - 07/14/2026,37009,72327.46,Royalty Fee,651000,Royalties,4701.28,0.00,TQSR - Royalty Fee,0,
06/29/2026 - 07/14/2026,37009,72327.46,Royalties Bank Acct Entry,217000,Accrued Royalties,0.00,4701.28,TQSR - Royalties Bank Acct Entry,0,
06/29/2026 - 07/14/2026,37009,72327.46,National Media Fee,560000,Advertising-National,2893.10,0.00,TQSR - National Media Fee,0,
06/29/2026 - 07/14/2026,37009,72327.46,National Media Bank Entry,217000,Accrued Royalties,0.00,2893.10,TQSR - National Media Bank Entry,0,
06/29/2026 - 07/14/2026,37009,72327.46,Corporate Advertising Fee,560001,Advertising-Production Fund,723.27,0.00,TQSR - Corporate Advertising Fee,0,
06/29/2026 - 07/14/2026,37009,72327.46,Corp Advertising Bank Acct Entry,217000,Accrued Royalties,0.00,723.27,TQSR - Corp Advertising Bank Acct Entry,0,
06/29/2026 - 07/14/2026,37010,125670.73,Royalty Fee,651000,Royalties,8168.60,0.00,TQSR - Royalty Fee,0,
06/29/2026 - 07/14/2026,37010,125670.73,Royalties Bank Acct Entry,217000,Accrued Royalties,0.00,8168.60,TQSR - Royalties Bank Acct Entry,0,
06/29/2026 - 07/14/2026,37010,125670.73,National Media Fee,560000,Advertising-National,5026.83,0.00,TQSR - National Media Fee,0,
06/29/2026 - 07/14/2026,37010,125670.73,National Media Bank Entry,217000,Accrued Royalties,0.00,5026.83,TQSR - National Media Bank Entry,0,
06/29/2026 - 07/14/2026,37010,125670.73,Corporate Advertising Fee,560001,Advertising-Production Fund,1256.71,0.00,TQSR - Corporate Advertising Fee,0,
06/29/2026 - 07/14/2026,37010,125670.73,Corp Advertising Bank Acct Entry,217000,Accrued Royalties,0.00,1256.71,TQSR - Corp Advertising Bank Acct Entry,0,
06/29/2026 - 07/14/2026,37013,66063.76,Royalty Fee,651000,Royalties,4294.14,0.00,TQSR - Royalty Fee,0,
06/29/2026 - 07/14/2026,37013,66063.76,Royalties Bank Acct Entry,217000,Accrued Royalties,0.00,4294.14,TQSR - Royalties Bank Acct Entry,0,
06/29/2026 - 07/14/2026,37013,66063.76,National Media Fee,560000,Advertising-National,2642.55,0.00,TQSR - National Media Fee,0,
06/29/2026 - 07/14/2026,37013,66063.76,National Media Bank Entry,217000,Accrued Royalties,0.00,2642.55,TQSR - National Media Bank Entry,0,
06/29/2026 - 07/14/2026,37013,66063.76,Corporate Advertising Fee,560001,Advertising-Production Fund,660.64,0.00,TQSR - Corporate Advertising Fee,0,
06/29/2026 - 07/14/2026,37013,66063.76,Corp Advertising Bank Acct Entry,217000,Accrued Royalties,0.00,660.64,TQSR - Corp Advertising Bank Acct Entry,0,
06/29/2026 - 07/14/2026,37014,69388.22,Royalty Fee,651000,Royalties,4510.23,0.00,TQSR - Royalty Fee,0,
06/29/2026 - 07/14/2026,37014,69388.22,Royalties Bank Acct Entry,217000,Accrued Royalties,0.00,4510.23,TQSR - Royalties Bank Acct Entry,0,
06/29/2026 - 07/14/2026,37014,69388.22,National Media Fee,560000,Advertising-National,2775.53,0.00,TQSR - National Media Fee,0,
06/29/2026 - 07/14/2026,37014,69388.22,National Media Bank Entry,217000,Accrued Royalties,0.00,2775.53,TQSR - National Media Bank Entry,0,
06/29/2026 - 07/14/2026,37014,69388.22,Corporate Advertising Fee,560001,Advertising-Production Fund,693.88,0.00,TQSR - Corporate Advertising Fee,0,
06/29/2026 - 07/14/2026,37014,69388.22,Corp Advertising Bank Acct Entry,217000,Accrued Royalties,0.00,693.88,TQSR - Corp Advertising Bank Acct Entry,0,
06/29/2026 - 07/14/2026,37016,62809.35,Royalty Fee,651000,Royalties,4082.61,0.00,TQSR - Royalty Fee,0,
06/29/2026 - 07/14/2026,37016,62809.35,Royalties Bank Acct Entry,217000,Accrued Royalties,0.00,4082.61,TQSR - Royalties Bank Acct Entry,0,
06/29/2026 - 07/14/2026,37016,62809.35,National Media Fee,560000,Advertising-National,2512.37,0.00,TQSR - National Media Fee,0,
06/29/2026 - 07/14/2026,37016,62809.35,National Media Bank Entry,217000,Accrued Royalties,0.00,2512.37,TQSR - National Media Bank Entry,0,
06/29/2026 - 07/14/2026,37016,62809.35,Corporate Advertising Fee,560001,Advertising-Production Fund,628.09,0.00,TQSR - Corporate Advertising Fee,0,
06/29/2026 - 07/14/2026,37016,62809.35,Corp Advertising Bank Acct Entry,217000,Accrued Royalties,0.00,628.09,TQSR - Corp Advertising Bank Acct Entry,0,
06/29/2026 - 07/14/2026,37020,64782.90,Royalty Fee,651000,Royalties,4210.89,0.00,TQSR - Royalty Fee,0,
06/29/2026 - 07/14/2026,37020,64782.90,Royalties Bank Acct Entry,217000,Accrued Royalties,0.00,4210.89,TQSR - Royalties Bank Acct Entry,0,
06/29/2026 - 07/14/2026,37020,64782.90,National Media Fee,560000,Advertising-National,2591.32,0.00,TQSR - National Media Fee,0,
06/29/2026 - 07/14/2026,37020,64782.90,National Media Bank Entry,217000,Accrued Royalties,0.00,2591.32,TQSR - National Media Bank Entry,0,
06/29/2026 - 07/14/2026,37020,64782.90,Corporate Advertising Fee,560001,Advertising-Production Fund,647.83,0.00,TQSR - Corporate Advertising Fee,0,
06/29/2026 - 07/14/2026,37020,64782.90,Corp Advertising Bank Acct Entry,217000,Accrued Royalties,0.00,647.83,TQSR - Corp Advertising Bank Acct Entry,0,
06/29/2026 - 07/14/2026,49001,94343.39,Royalty Fee,651000,Royalties,6132.32,0.00,TQSR - Royalty Fee,0,
06/29/2026 - 07/14/2026,49001,94343.39,Royalties Bank Acct Entry,217000,Accrued Royalties,0.00,6132.32,TQSR - Royalties Bank Acct Entry,0,
06/29/2026 - 07/14/2026,49001,94343.39,National Media Fee,560000,Advertising-National,3773.74,0.00,TQSR - National Media Fee,0,
06/29/2026 - 07/14/2026,49001,94343.39,National Media Bank Entry,217000,Accrued Royalties,0.00,3773.74,TQSR - National Media Bank Entry,0,
06/29/2026 - 07/14/2026,49001,94343.39,Corporate Advertising Fee,560001,Advertising-Production Fund,943.43,0.00,TQSR - Corporate Advertising Fee,0,
06/29/2026 - 07/14/2026,49001,94343.39,Corp Advertising Bank Acct Entry,217000,Accrued Royalties,0.00,943.43,TQSR - Corp Advertising Bank Acct Entry,0,
06/29/2026 - 07/14/2026,49002,83221.60,Royalty Fee,651000,Royalties,5409.40,0.00,TQSR - Royalty Fee,0,
06/29/2026 - 07/14/2026,49002,83221.60,Royalties Bank Acct Entry,217000,Accrued Royalties,0.00,5409.40,TQSR - Royalties Bank Acct Entry,0,
06/29/2026 - 07/14/2026,49002,83221.60,National Media Fee,560000,Advertising-National,3328.86,0.00,TQSR - National Media Fee,0,
06/29/2026 - 07/14/2026,49002,83221.60,National Media Bank Entry,217000,Accrued Royalties,0.00,3328.86,TQSR - National Media Bank Entry,0,
06/29/2026 - 07/14/2026,49002,83221.60,Corporate Advertising Fee,560001,Advertising-Production Fund,832.22,0.00,TQSR - Corporate Advertising Fee,0,
06/29/2026 - 07/14/2026,49002,83221.60,Corp Advertising Bank Acct Entry,217000,Accrued Royalties,0.00,832.22,TQSR - Corp Advertising Bank Acct Entry,0,
06/29/2026 - 07/14/2026,49003,73682.08,Royalty Fee,651000,Royalties,4789.34,0.00,TQSR - Royalty Fee,0,
06/29/2026 - 07/14/2026,49003,73682.08,Royalties Bank Acct Entry,217000,Accrued Royalties,0.00,4789.34,TQSR - Royalties Bank Acct Entry,0,
06/29/2026 - 07/14/2026,49003,73682.08,National Media Fee,560000,Advertising-National,2947.28,0.00,TQSR - National Media Fee,0,
06/29/2026 - 07/14/2026,49003,73682.08,National Media Bank Entry,217000,Accrued Royalties,0.00,2947.28,TQSR - National Media Bank Entry,0,
06/29/2026 - 07/14/2026,49003,73682.08,Corporate Advertising Fee,560001,Advertising-Production Fund,736.82,0.00,TQSR - Corporate Advertising Fee,0,
06/29/2026 - 07/14/2026,49003,73682.08,Corp Advertising Bank Acct Entry,217000,Accrued Royalties,0.00,736.82,TQSR - Corp Advertising Bank Acct Entry,0,
06/29/2026 - 07/14/2026,49004,93386.58,Royalty Fee,651000,Royalties,6070.13,0.00,TQSR - Royalty Fee,0,
06/29/2026 - 07/14/2026,49004,93386.58,Royalties Bank Acct Entry,217000,Accrued Royalties,0.00,6070.13,TQSR - Royalties Bank Acct Entry,0,
06/29/2026 - 07/14/2026,49004,93386.58,National Media Fee,560000,Advertising-National,3735.46,0.00,TQSR - National Media Fee,0,
06/29/2026 - 07/14/2026,49004,93386.58,National Media Bank Entry,217000,Accrued Royalties,0.00,3735.46,TQSR - National Media Bank Entry,0,
06/29/2026 - 07/14/2026,49004,93386.58,Corporate Advertising Fee,560001,Advertising-Production Fund,933.87,0.00,TQSR - Corporate Advertising Fee,0,
06/29/2026 - 07/14/2026,49004,93386.58,Corp Advertising Bank Acct Entry,217000,Accrued Royalties,0.00,933.87,TQSR - Corp Advertising Bank Acct Entry,0,
06/29/2026 - 07/14/2026,49005,82673.76,Royalty Fee,651000,Royalties,5373.79,0.00,TQSR - Royalty Fee,0,
06/29/2026 - 07/14/2026,49005,82673.76,Royalties Bank Acct Entry,217000,Accrued Royalties,0.00,5373.79,TQSR - Royalties Bank Acct Entry,0,
06/29/2026 - 07/14/2026,49005,82673.76,National Media Fee,560000,Advertising-National,3306.95,0.00,TQSR - National Media Fee,0,
06/29/2026 - 07/14/2026,49005,82673.76,National Media Bank Entry,217000,Accrued Royalties,0.00,3306.95,TQSR - National Media Bank Entry,0,
06/29/2026 - 07/14/2026,49005,82673.76,Corporate Advertising Fee,560001,Advertising-Production Fund,826.74,0.00,TQSR - Corporate Advertising Fee,0,
06/29/2026 - 07/14/2026,49005,82673.76,Corp Advertising Bank Acct Entry,217000,Accrued Royalties,0.00,826.74,TQSR - Corp Advertising Bank Acct Entry,0,
06/29/2026 - 07/14/2026,49006,118041.15,Royalty Fee,651000,Royalties,7672.67,0.00,TQSR - Royalty Fee,0,
06/29/2026 - 07/14/2026,49006,118041.15,Royalties Bank Acct Entry,217000,Accrued Royalties,0.00,7672.67,TQSR - Royalties Bank Acct Entry,0,
06/29/2026 - 07/14/2026,49006,118041.15,National Media Fee,560000,Advertising-National,4721.65,0.00,TQSR - National Media Fee,0,
06/29/2026 - 07/14/2026,49006,118041.15,National Media Bank Entry,217000,Accrued Royalties,0.00,4721.65,TQSR - National Media Bank Entry,0,
06/29/2026 - 07/14/2026,49006,118041.15,Corporate Advertising Fee,560001,Advertising-Production Fund,1180.41,0.00,TQSR - Corporate Advertising Fee,0,
06/29/2026 - 07/14/2026,49006,118041.15,Corp Advertising Bank Acct Entry,217000,Accrued Royalties,0.00,1180.41,TQSR - Corp Advertising Bank Acct Entry,0,
06/29/2026 - 07/14/2026,49007,66002.80,Royalty Fee,651000,Royalties,4290.18,0.00,TQSR - Royalty Fee,0,
06/29/2026 - 07/14/2026,49007,66002.80,Royalties Bank Acct Entry,217000,Accrued Royalties,0.00,4290.18,TQSR - Royalties Bank Acct Entry,0,
06/29/2026 - 07/14/2026,49007,66002.80,National Media Fee,560000,Advertising-National,2640.11,0.00,TQSR - National Media Fee,0,
06/29/2026 - 07/14/2026,49007,66002.80,National Media Bank Entry,217000,Accrued Royalties,0.00,2640.11,TQSR - National Media Bank Entry,0,
06/29/2026 - 07/14/2026,49007,66002.80,Corporate Advertising Fee,560001,Advertising-Production Fund,660.03,0.00,TQSR - Corporate Advertising Fee,0,
06/29/2026 - 07/14/2026,49007,66002.80,Corp Advertising Bank Acct Entry,217000,Accrued Royalties,0.00,660.03,TQSR - Corp Advertising Bank Acct Entry,0,
06/29/2026 - 07/14/2026,49008,75031.17,Royalty Fee,651000,Royalties,4877.03,0.00,TQSR - Royalty Fee,0,
06/29/2026 - 07/14/2026,49008,75031.17,Royalties Bank Acct Entry,217000,Accrued Royalties,0.00,4877.03,TQSR - Royalties Bank Acct Entry,0,
06/29/2026 - 07/14/2026,49008,75031.17,National Media Fee,560000,Advertising-National,3001.25,0.00,TQSR - National Media Fee,0,
06/29/2026 - 07/14/2026,49008,75031.17,National Media Bank Entry,217000,Accrued Royalties,0.00,3001.25,TQSR - National Media Bank Entry,0,
06/29/2026 - 07/14/2026,49008,75031.17,Corporate Advertising Fee,560001,Advertising-Production Fund,750.31,0.00,TQSR - Corporate Advertising Fee,0,
06/29/2026 - 07/14/2026,49008,75031.17,Corp Advertising Bank Acct Entry,217000,Accrued Royalties,0.00,750.31,TQSR - Corp Advertising Bank Acct Entry,0,
06/29/2026 - 07/14/2026,49009,88312.46,Royalty Fee,651000,Royalties,5740.31,0.00,TQSR - Royalty Fee,0,
06/29/2026 - 07/14/2026,49009,88312.46,Royalties Bank Acct Entry,217000,Accrued Royalties,0.00,5740.31,TQSR - Royalties Bank Acct Entry,0,
06/29/2026 - 07/14/2026,49009,88312.46,National Media Fee,560000,Advertising-National,3532.50,0.00,TQSR - National Media Fee,0,
06/29/2026 - 07/14/2026,49009,88312.46,National Media Bank Entry,217000,Accrued Royalties,0.00,3532.50,TQSR - National Media Bank Entry,0,
06/29/2026 - 07/14/2026,49009,88312.46,Corporate Advertising Fee,560001,Advertising-Production Fund,883.12,0.00,TQSR - Corporate Advertising Fee,0,
06/29/2026 - 07/14/2026,49009,88312.46,Corp Advertising Bank Acct Entry,217000,Accrued Royalties,0.00,883.12,TQSR - Corp Advertising Bank Acct Entry,0,
06/29/2026 - 07/14/2026,49010,62239.48,Royalty Fee,651000,Royalties,4045.57,0.00,TQSR - Royalty Fee,0,
06/29/2026 - 07/14/2026,49010,62239.48,Royalties Bank Acct Entry,217000,Accrued Royalties,0.00,4045.57,TQSR - Royalties Bank Acct Entry,0,
06/29/2026 - 07/14/2026,49010,62239.48,National Media Fee,560000,Advertising-National,2489.58,0.00,TQSR - National Media Fee,0,
06/29/2026 - 07/14/2026,49010,62239.48,National Media Bank Entry,217000,Accrued Royalties,0.00,2489.58,TQSR - National Media Bank Entry,0,
06/29/2026 - 07/14/2026,49010,62239.48,Corporate Advertising Fee,560001,Advertising-Production Fund,622.39,0.00,TQSR - Corporate Advertising Fee,0,
06/29/2026 - 07/14/2026,49010,62239.48,Corp Advertising Bank Acct Entry,217000,Accrued Royalties,0.00,622.39,TQSR - Corp Advertising Bank Acct Entry,0,
06/29/2026 - 07/14/2026,49011,83279.30,Royalty Fee,651000,Royalties,5413.15,0.00,TQSR - Royalty Fee,0,
06/29/2026 - 07/14/2026,49011,83279.30,Royalties Bank Acct Entry,217000,Accrued Royalties,0.00,5413.15,TQSR - Royalties Bank Acct Entry,0,
06/29/2026 - 07/14/2026,49011,83279.30,National Media Fee,560000,Advertising-National,3331.17,0.00,TQSR - National Media Fee,0,
06/29/2026 - 07/14/2026,49011,83279.30,National Media Bank Entry,217000,Accrued Royalties,0.00,3331.17,TQSR - National Media Bank Entry,0,
06/29/2026 - 07/14/2026,49011,83279.30,Corporate Advertising Fee,560001,Advertising-Production Fund,832.79,0.00,TQSR - Corporate Advertising Fee,0,
06/29/2026 - 07/14/2026,49011,83279.30,Corp Advertising Bank Acct Entry,217000,Accrued Royalties,0.00,832.79,TQSR - Corp Advertising Bank Acct Entry,0,
